{"assets/fonts/Cafe24/Cafe24Ssurround.ttf":["assets/fonts/Cafe24/Cafe24Ssurround.ttf"],"assets/fonts/Cafe24/Cafe24SsurroundAir.ttf":["assets/fonts/Cafe24/Cafe24SsurroundAir.ttf"],"assets/fonts/Pretendard/Pretendard-Black.ttf":["assets/fonts/Pretendard/Pretendard-Black.ttf"],"assets/fonts/Pretendard/Pretendard-Bold.ttf":["assets/fonts/Pretendard/Pretendard-Bold.ttf"],"assets/fonts/Pretendard/Pretendard-ExtraBold.ttf":["assets/fonts/Pretendard/Pretendard-ExtraBold.ttf"],"assets/fonts/Pretendard/Pretendard-ExtraLight.ttf":["assets/fonts/Pretendard/Pretendard-ExtraLight.ttf"],"assets/fonts/Pretendard/Pretendard-Light.ttf":["assets/fonts/Pretendard/Pretendard-Light.ttf"],"assets/fonts/Pretendard/Pretendard-Medium.ttf":["assets/fonts/Pretendard/Pretendard-Medium.ttf"],"assets/fonts/Pretendard/Pretendard-Regular.ttf":["assets/fonts/Pretendard/Pretendard-Regular.ttf"],"assets/fonts/Pretendard/Pretendard-SemiBold.ttf":["assets/fonts/Pretendard/Pretendard-SemiBold.ttf"],"assets/fonts/Pretendard/Pretendard-Thin.ttf":["assets/fonts/Pretendard/Pretendard-Thin.ttf"],"assets/images/1801287.svg":["assets/images/1801287.svg"],"assets/images/AfterLIKE.png":["assets/images/AfterLIKE.png"],"assets/images/ELEVEN.png":["assets/images/ELEVEN.png"],"assets/images/LOVEDIVE.png":["assets/images/LOVEDIVE.png"],"assets/images/back_sign.png":["assets/images/back_sign.png"],"assets/images/next_sign.png":["assets/images/next_sign.png"],"assets/images/plus_button.png":["assets/images/plus_button.png"],"assets/images/profile/ha1.png":["assets/images/profile/ha1.png"],"assets/images/profile/jang1.jpeg":["assets/images/profile/jang1.jpeg"],"assets/images/profile/kim1.jpg":["assets/images/profile/kim1.jpg"],"assets/images/profile/li1.jpg":["assets/images/profile/li1.jpg"],"assets/images/sp_icon.pdf":["assets/images/sp_icon.pdf"],"assets/images/splash_image-1.svg":["assets/images/splash_image-1.svg"],"assets/images/splash_image.pdf":["assets/images/splash_image.pdf"],"assets/images/splash_image.png":["assets/images/splash_image.png"],"assets/images/splash_image.svg":["assets/images/splash_image.svg"],"assets/images/splash_image2.svg":["assets/images/splash_image2.svg"],"packages/cupertino_icons/assets/CupertinoIcons.ttf":["packages/cupertino_icons/assets/CupertinoIcons.ttf"],"packages/flutter_inappwebview/assets/t_rex_runner/t-rex.css":["packages/flutter_inappwebview/assets/t_rex_runner/t-rex.css"],"packages/flutter_inappwebview/assets/t_rex_runner/t-rex.html":["packages/flutter_inappwebview/assets/t_rex_runner/t-rex.html"],"packages/youtube_player_flutter/assets/speedometer.webp":["packages/youtube_player_flutter/assets/speedometer.webp"]}