[{"family":"MaterialIcons","fonts":[{"asset":"fonts/MaterialIcons-Regular.otf"}]},{"family":"Cafe24","fonts":[{"weight":800,"asset":"assets/fonts/Cafe24/Cafe24Ssurround.ttf"},{"weight":100,"asset":"assets/fonts/Cafe24/Cafe24SsurroundAir.ttf"}]},{"family":"Pretendard","fonts":[{"weight":100,"asset":"assets/fonts/Pretendard/Pretendard-Thin.ttf"},{"weight":200,"asset":"assets/fonts/Pretendard/Pretendard-ExtraLight.ttf"},{"weight":300,"asset":"assets/fonts/Pretendard/Pretendard-Light.ttf"},{"weight":400,"asset":"assets/fonts/Pretendard/Pretendard-Regular.ttf"},{"weight":500,"asset":"assets/fonts/Pretendard/Pretendard-Medium.ttf"},{"weight":600,"asset":"assets/fonts/Pretendard/Pretendard-SemiBold.ttf"},{"weight":700,"asset":"assets/fonts/Pretendard/Pretendard-Bold.ttf"},{"weight":800,"asset":"assets/fonts/Pretendard/Pretendard-ExtraBold.ttf"},{"weight":900,"asset":"assets/fonts/Pretendard/Pretendard-Black.ttf"}]},{"family":"packages/cupertino_icons/CupertinoIcons","fonts":[{"asset":"packages/cupertino_icons/assets/CupertinoIcons.ttf"}]}]